สัญลักษณ์,ความหมาย/ธุรกิจที่เกี่ยวข้อง,ราคาล่าสุด,เปลี่ยนแปลงวันนี้ %,สูงสุด 52 สัปดาห์,ต่ำสุด 52 สัปดาห์,แนวโน้ม 90 วัน,เทียบค่าเฉลี่ย 30 วัน (%)
BKK:CPF,ต้นทุนอาหารสัตว์ (ไก่/หมู),"=GOOGLEFINANCE(A2,""price"")","=GOOGLEFINANCE(A2,""changepct"")","=GOOGLEFINANCE(A2,""high52"")","=GOOGLEFINANCE(A2,""low52"")","=SPARKLINE(INDEX(GOOGLEFINANCE(A2,""price"",TODAY()-90,TODAY(),""DAILY""),,2))","=IFERROR(C2/AVERAGE(INDEX(GOOGLEFINANCE(A2,""price"",TODAY()-30,TODAY(),""DAILY""),,2))-1,"""")"
BKK:GFPT,ต้นทุนอาหารสัตว์ (ไก่),"=GOOGLEFINANCE(A3,""price"")","=GOOGLEFINANCE(A3,""changepct"")","=GOOGLEFINANCE(A3,""high52"")","=GOOGLEFINANCE(A3,""low52"")","=SPARKLINE(INDEX(GOOGLEFINANCE(A3,""price"",TODAY()-90,TODAY(),""DAILY""),,2))","=IFERROR(C3/AVERAGE(INDEX(GOOGLEFINANCE(A3,""price"",TODAY()-30,TODAY(),""DAILY""),,2))-1,"""")"
BKK:TFG,ต้นทุนอาหารสัตว์ (ไก่),"=GOOGLEFINANCE(A4,""price"")","=GOOGLEFINANCE(A4,""changepct"")","=GOOGLEFINANCE(A4,""high52"")","=GOOGLEFINANCE(A4,""low52"")","=SPARKLINE(INDEX(GOOGLEFINANCE(A4,""price"",TODAY()-90,TODAY(),""DAILY""),,2))","=IFERROR(C4/AVERAGE(INDEX(GOOGLEFINANCE(A4,""price"",TODAY()-30,TODAY(),""DAILY""),,2))-1,"""")"
CORN,ราคาข้าวโพดโลก (ต้นทุนอาหารสัตว์),"=GOOGLEFINANCE(A5,""price"")","=GOOGLEFINANCE(A5,""changepct"")","=GOOGLEFINANCE(A5,""high52"")","=GOOGLEFINANCE(A5,""low52"")","=SPARKLINE(INDEX(GOOGLEFINANCE(A5,""price"",TODAY()-90,TODAY(),""DAILY""),,2))","=IFERROR(C5/AVERAGE(INDEX(GOOGLEFINANCE(A5,""price"",TODAY()-30,TODAY(),""DAILY""),,2))-1,"""")"
SOYB,ราคาถั่วเหลืองโลก (ต้นทุนอาหารสัตว์),"=GOOGLEFINANCE(A6,""price"")","=GOOGLEFINANCE(A6,""changepct"")","=GOOGLEFINANCE(A6,""high52"")","=GOOGLEFINANCE(A6,""low52"")","=SPARKLINE(INDEX(GOOGLEFINANCE(A6,""price"",TODAY()-90,TODAY(),""DAILY""),,2))","=IFERROR(C6/AVERAGE(INDEX(GOOGLEFINANCE(A6,""price"",TODAY()-30,TODAY(),""DAILY""),,2))-1,"""")"
BKK:STA,ยางพารา,"=GOOGLEFINANCE(A7,""price"")","=GOOGLEFINANCE(A7,""changepct"")","=GOOGLEFINANCE(A7,""high52"")","=GOOGLEFINANCE(A7,""low52"")","=SPARKLINE(INDEX(GOOGLEFINANCE(A7,""price"",TODAY()-90,TODAY(),""DAILY""),,2))","=IFERROR(C7/AVERAGE(INDEX(GOOGLEFINANCE(A7,""price"",TODAY()-30,TODAY(),""DAILY""),,2))-1,"""")"
BKK:NER,ยางพารา,"=GOOGLEFINANCE(A8,""price"")","=GOOGLEFINANCE(A8,""changepct"")","=GOOGLEFINANCE(A8,""high52"")","=GOOGLEFINANCE(A8,""low52"")","=SPARKLINE(INDEX(GOOGLEFINANCE(A8,""price"",TODAY()-90,TODAY(),""DAILY""),,2))","=IFERROR(C8/AVERAGE(INDEX(GOOGLEFINANCE(A8,""price"",TODAY()-30,TODAY(),""DAILY""),,2))-1,"""")"
BKK:KSL,อ้อย/น้ำตาล,"=GOOGLEFINANCE(A9,""price"")","=GOOGLEFINANCE(A9,""changepct"")","=GOOGLEFINANCE(A9,""high52"")","=GOOGLEFINANCE(A9,""low52"")","=SPARKLINE(INDEX(GOOGLEFINANCE(A9,""price"",TODAY()-90,TODAY(),""DAILY""),,2))","=IFERROR(C9/AVERAGE(INDEX(GOOGLEFINANCE(A9,""price"",TODAY()-30,TODAY(),""DAILY""),,2))-1,"""")"
BKK:BRR,อ้อย/น้ำตาล,"=GOOGLEFINANCE(A10,""price"")","=GOOGLEFINANCE(A10,""changepct"")","=GOOGLEFINANCE(A10,""high52"")","=GOOGLEFINANCE(A10,""low52"")","=SPARKLINE(INDEX(GOOGLEFINANCE(A10,""price"",TODAY()-90,TODAY(),""DAILY""),,2))","=IFERROR(C10/AVERAGE(INDEX(GOOGLEFINANCE(A10,""price"",TODAY()-30,TODAY(),""DAILY""),,2))-1,"""")"
CANE,ราคาน้ำตาลโลก,"=GOOGLEFINANCE(A11,""price"")","=GOOGLEFINANCE(A11,""changepct"")","=GOOGLEFINANCE(A11,""high52"")","=GOOGLEFINANCE(A11,""low52"")","=SPARKLINE(INDEX(GOOGLEFINANCE(A11,""price"",TODAY()-90,TODAY(),""DAILY""),,2))","=IFERROR(C11/AVERAGE(INDEX(GOOGLEFINANCE(A11,""price"",TODAY()-30,TODAY(),""DAILY""),,2))-1,"""")"
BKK:TU,ประมง/อาหารทะเลแปรรูป,"=GOOGLEFINANCE(A12,""price"")","=GOOGLEFINANCE(A12,""changepct"")","=GOOGLEFINANCE(A12,""high52"")","=GOOGLEFINANCE(A12,""low52"")","=SPARKLINE(INDEX(GOOGLEFINANCE(A12,""price"",TODAY()-90,TODAY(),""DAILY""),,2))","=IFERROR(C12/AVERAGE(INDEX(GOOGLEFINANCE(A12,""price"",TODAY()-30,TODAY(),""DAILY""),,2))-1,"""")"
BKK:ASIAN,ประมง/อาหารทะเลแปรรูป,"=GOOGLEFINANCE(A13,""price"")","=GOOGLEFINANCE(A13,""changepct"")","=GOOGLEFINANCE(A13,""high52"")","=GOOGLEFINANCE(A13,""low52"")","=SPARKLINE(INDEX(GOOGLEFINANCE(A13,""price"",TODAY()-90,TODAY(),""DAILY""),,2))","=IFERROR(C13/AVERAGE(INDEX(GOOGLEFINANCE(A13,""price"",TODAY()-30,TODAY(),""DAILY""),,2))-1,"""")"
BKK:TVO,น้ำมันพืช,"=GOOGLEFINANCE(A14,""price"")","=GOOGLEFINANCE(A14,""changepct"")","=GOOGLEFINANCE(A14,""high52"")","=GOOGLEFINANCE(A14,""low52"")","=SPARKLINE(INDEX(GOOGLEFINANCE(A14,""price"",TODAY()-90,TODAY(),""DAILY""),,2))","=IFERROR(C14/AVERAGE(INDEX(GOOGLEFINANCE(A14,""price"",TODAY()-30,TODAY(),""DAILY""),,2))-1,"""")"
BKK:PTT,ต้นทุนพลังงาน (ทุกธุรกิจ),"=GOOGLEFINANCE(A15,""price"")","=GOOGLEFINANCE(A15,""changepct"")","=GOOGLEFINANCE(A15,""high52"")","=GOOGLEFINANCE(A15,""low52"")","=SPARKLINE(INDEX(GOOGLEFINANCE(A15,""price"",TODAY()-90,TODAY(),""DAILY""),,2))","=IFERROR(C15/AVERAGE(INDEX(GOOGLEFINANCE(A15,""price"",TODAY()-30,TODAY(),""DAILY""),,2))-1,"""")"
DBA,ดัชนีสินค้าเกษตรโลก (ต้นทุนรวม),"=GOOGLEFINANCE(A16,""price"")","=GOOGLEFINANCE(A16,""changepct"")","=GOOGLEFINANCE(A16,""high52"")","=GOOGLEFINANCE(A16,""low52"")","=SPARKLINE(INDEX(GOOGLEFINANCE(A16,""price"",TODAY()-90,TODAY(),""DAILY""),,2))","=IFERROR(C16/AVERAGE(INDEX(GOOGLEFINANCE(A16,""price"",TODAY()-30,TODAY(),""DAILY""),,2))-1,"""")"
MOS,ราคาปุ๋ยโลก,"=GOOGLEFINANCE(A17,""price"")","=GOOGLEFINANCE(A17,""changepct"")","=GOOGLEFINANCE(A17,""high52"")","=GOOGLEFINANCE(A17,""low52"")","=SPARKLINE(INDEX(GOOGLEFINANCE(A17,""price"",TODAY()-90,TODAY(),""DAILY""),,2))","=IFERROR(C17/AVERAGE(INDEX(GOOGLEFINANCE(A17,""price"",TODAY()-30,TODAY(),""DAILY""),,2))-1,"""")"
NTR,ราคาปุ๋ยโลก,"=GOOGLEFINANCE(A18,""price"")","=GOOGLEFINANCE(A18,""changepct"")","=GOOGLEFINANCE(A18,""high52"")","=GOOGLEFINANCE(A18,""low52"")","=SPARKLINE(INDEX(GOOGLEFINANCE(A18,""price"",TODAY()-90,TODAY(),""DAILY""),,2))","=IFERROR(C18/AVERAGE(INDEX(GOOGLEFINANCE(A18,""price"",TODAY()-30,TODAY(),""DAILY""),,2))-1,"""")"
CURRENCY:USDTHB,อัตราแลกเปลี่ยน - ผู้ส่งออก/นำเข้า (USD),"=GOOGLEFINANCE(A19,""price"")",,,,"=SPARKLINE(INDEX(GOOGLEFINANCE(A19,""price"",TODAY()-90,TODAY(),""DAILY""),,2))","=IFERROR(C19/AVERAGE(INDEX(GOOGLEFINANCE(A19,""price"",TODAY()-30,TODAY(),""DAILY""),,2))-1,"""")"
CURRENCY:CNYTHB,อัตราแลกเปลี่ยน - ผู้ส่งออก/นำเข้า (CNY),"=GOOGLEFINANCE(A20,""price"")",,,,"=SPARKLINE(INDEX(GOOGLEFINANCE(A20,""price"",TODAY()-90,TODAY(),""DAILY""),,2))","=IFERROR(C20/AVERAGE(INDEX(GOOGLEFINANCE(A20,""price"",TODAY()-30,TODAY(),""DAILY""),,2))-1,"""")"
CURRENCY:JPYTHB,อัตราแลกเปลี่ยน - ผู้ส่งออก/นำเข้า (JPY),"=GOOGLEFINANCE(A21,""price"")",,,,"=SPARKLINE(INDEX(GOOGLEFINANCE(A21,""price"",TODAY()-90,TODAY(),""DAILY""),,2))","=IFERROR(C21/AVERAGE(INDEX(GOOGLEFINANCE(A21,""price"",TODAY()-30,TODAY(),""DAILY""),,2))-1,"""")"
CURRENCY:EURTHB,อัตราแลกเปลี่ยน - ผู้ส่งออก/นำเข้า (EUR),"=GOOGLEFINANCE(A22,""price"")",,,,"=SPARKLINE(INDEX(GOOGLEFINANCE(A22,""price"",TODAY()-90,TODAY(),""DAILY""),,2))","=IFERROR(C22/AVERAGE(INDEX(GOOGLEFINANCE(A22,""price"",TODAY()-30,TODAY(),""DAILY""),,2))-1,"""")"
